[{"model": "admin.logentry", "pk": 1, "fields": {"action_time": "2023-06-04T10:07:06.035Z", "user": 1, "content_type": 4, "object_id": "2", "object_repr": "Peter", "action_flag": 3, "change_message": ""}}, {"model": "admin.logentry", "pk": 2, "fields": {"action_time": "2023-06-06T17:57:46.267Z", "user": 1, "content_type": 4, "object_id": "3", "object_repr": "Peter", "action_flag": 3, "change_message": ""}}, {"model": "admin.logentry", "pk": 3, "fields": {"action_time": "2023-06-08T06:52:32.903Z", "user": 1, "content_type": 7, "object_id": "1", "object_repr": "Music", "action_flag": 1, "change_message": "[{\"added\": {}}]"}}, {"model": "admin.logentry", "pk": 4, "fields": {"action_time": "2023-06-08T06:53:51.854Z", "user": 1, "content_type": 7, "object_id": "2", "object_repr": "Geography", "action_flag": 1, "change_message": "[{\"added\": {}}]"}}, {"model": "admin.logentry", "pk": 5, "fields": {"action_time": "2023-06-08T06:54:08.436Z", "user": 1, "content_type": 7, "object_id": "3", "object_repr": "Sports", "action_flag": 1, "change_message": "[{\"added\": {}}]"}}, {"model": "admin.logentry", "pk": 6, "fields": {"action_time": "2023-06-08T06:54:31.418Z", "user": 1, "content_type": 7, "object_id": "4", "object_repr": "Science", "action_flag": 1, "change_message": "[{\"added\": {}}]"}}, {"model": "admin.logentry", "pk": 7, "fields": {"action_time": "2023-06-08T07:12:57.420Z", "user": 1, "content_type": 11, "object_id": "1", "object_repr": "20 questions about recent music events", "action_flag": 1, "change_message": "[{\"added\": {}}]"}}, {"model": "admin.logentry", "pk": 8, "fields": {"action_time": "2023-06-11T07:17:01.589Z", "user": 1, "content_type": 4, "object_id": "5", "object_repr": "Barbie", "action_flag": 2, "change_message": "[{\"changed\": {\"fields\": [\"password\"]}}]"}}, {"model": "admin.logentry", "pk": 9, "fields": {"action_time": "2023-06-11T11:22:38.904Z", "user": 1, "content_type": 8, "object_id": "1", "object_repr": "Which English Sir has had No. l’s in the 50’s, 60’s, 70’s, 80’s and 90’s?", "action_flag": 1, "change_message": "[{\"added\": {}}]"}}, {"model": "admin.logentry", "pk": 10, "fields": {"action_time": "2023-06-11T11:25:01.132Z", "user": 1, "content_type": 8, "object_id": "1", "object_repr": "Which English Sir has had No. l’s in the 50’s, 60’s, 70’s, 80’s and 90’s?", "action_flag": 3, "change_message": ""}}, {"model": "admin.logentry", "pk": 11, "fields": {"action_time": "2023-06-11T11:26:09.512Z", "user": 1, "content_type": 8, "object_id": "1", "object_repr": "Which English Sir has had No. l’s in the 50’s, 60’s, 70’s, 80’s and 90’s?", "action_flag": 1, "change_message": "[{\"added\": {}}]"}}, {"model": "admin.logentry", "pk": 12, "fields": {"action_time": "2023-06-11T11:26:22.814Z", "user": 1, "content_type": 8, "object_id": "2", "object_repr": "Which rock band was founded by Trent Reznor in 1988?", "action_flag": 1, "change_message": "[{\"added\": {}}]"}}, {"model": "admin.logentry", "pk": 13, "fields": {"action_time": "2023-06-11T11:26:36.413Z", "user": 1, "content_type": 8, "object_id": "3", "object_repr": "What is the name of the duet recorded by Robbie Williams and Gary Barlow in 2010?", "action_flag": 1, "change_message": "[{\"added\": {}}]"}}, {"model": "admin.logentry", "pk": 14, "fields": {"action_time": "2023-06-11T11:26:51.549Z", "user": 1, "content_type": 8, "object_id": "4", "object_repr": "Jimmy, Robert, John and John: can you identify this rock band from the first names of their original line-up?", "action_flag": 1, "change_message": "[{\"added\": {}}]"}}, {"model": "admin.logentry", "pk": 15, "fields": {"action_time": "2023-06-11T11:27:06.689Z", "user": 1, "content_type": 8, "object_id": "5", "object_repr": "In what year did The Clash release their iconic album London Calling?", "action_flag": 1, "change_message": "[{\"added\": {}}]"}}, {"model": "admin.logentry", "pk": 16, "fields": {"action_time": "2023-06-11T11:27:18.594Z", "user": 1, "content_type": 8, "object_id": "6", "object_repr": "How many members were there in pop group Little Mix before they went on hiatus? (Bonus point for each member you can name).", "action_flag": 1, "change_message": "[{\"added\": {}}]"}}, {"model": "admin.logentry", "pk": 17, "fields": {"action_time": "2023-06-11T11:27:28.996Z", "user": 1, "content_type": 8, "object_id": "7", "object_repr": "Which singer-songwriter had studio albums titled Hejira, Ladies of the Canyon and Blue?", "action_flag": 1, "change_message": "[{\"added\": {}}]"}}, {"model": "admin.logentry", "pk": 18, "fields": {"action_time": "2023-06-11T11:27:43.053Z", "user": 1, "content_type": 8, "object_id": "8", "object_repr": "Including streaming figures, what was the best-selling UK single of the 2010s?", "action_flag": 1, "change_message": "[{\"added\": {}}]"}}, {"model": "admin.logentry", "pk": 19, "fields": {"action_time": "2023-06-11T11:28:02.636Z", "user": 1, "content_type": 8, "object_id": "9", "object_repr": "In what year did Elvis Presley die?", "action_flag": 1, "change_message": "[{\"added\": {}}]"}}, {"model": "admin.logentry", "pk": 20, "fields": {"action_time": "2023-06-11T11:28:34.270Z", "user": 1, "content_type": 8, "object_id": "10", "object_repr": "How many UK number ones did The Beatles have in total?", "action_flag": 1, "change_message": "[{\"added\": {}}]"}}, {"model": "admin.logentry", "pk": 21, "fields": {"action_time": "2023-06-11T11:28:40.815Z", "user": 1, "content_type": 8, "object_id": "11", "object_repr": "Reginald Kenneth Dwight is better known by what name?", "action_flag": 1, "change_message": "[{\"added\": {}}]"}}, {"model": "admin.logentry", "pk": 22, "fields": {"action_time": "2023-06-11T11:28:51.543Z", "user": 1, "content_type": 8, "object_id": "12", "object_repr": "Rihanna hit Umbrella was originally written with which other popstar in mind?", "action_flag": 1, "change_message": "[{\"added\": {}}]"}}, {"model": "admin.logentry", "pk": 23, "fields": {"action_time": "2023-06-11T11:29:07.982Z", "user": 1, "content_type": 8, "object_id": "13", "object_repr": "Which band had a huge international hit album in 2002 with the record \"A Rush of Blood to the Head\"?", "action_flag": 1, "change_message": "[{\"added\": {}}]"}}, {"model": "admin.logentry", "pk": 24, "fields": {"action_time": "2023-06-11T11:29:27.250Z", "user": 1, "content_type": 8, "object_id": "14", "object_repr": "Knights in White Satin was a 1967 hit for which band?", "action_flag": 1, "change_message": "[{\"added\": {}}]"}}, {"model": "admin.logentry", "pk": 25, "fields": {"action_time": "2023-06-11T11:29:38.292Z", "user": 1, "content_type": 8, "object_id": "15", "object_repr": "Which legendary musician had film roles in The Prestige and Twin Peaks: Fire Walk With Me?", "action_flag": 1, "change_message": "[{\"added\": {}}]"}}, {"model": "admin.logentry", "pk": 26, "fields": {"action_time": "2023-06-11T11:29:58.286Z", "user": 1, "content_type": 8, "object_id": "16", "object_repr": "Girls Aloud were formed on Popstars: The Rivals in 2002 – but can you name the boy band that was formed at the same time?", "action_flag": 1, "change_message": "[{\"added\": {}}]"}}, {"model": "admin.logentry", "pk": 27, "fields": {"action_time": "2023-06-11T11:30:03.571Z", "user": 1, "content_type": 8, "object_id": "17", "object_repr": "How many members are there in South Korean mega boyband BTS?", "action_flag": 1, "change_message": "[{\"added\": {}}]"}}, {"model": "admin.logentry", "pk": 28, "fields": {"action_time": "2023-06-11T11:30:16.008Z", "user": 1, "content_type": 8, "object_id": "18", "object_repr": "Which talent show judge managed Westlife?", "action_flag": 1, "change_message": "[{\"added\": {}}]"}}, {"model": "admin.logentry", "pk": 29, "fields": {"action_time": "2023-06-11T11:30:30.868Z", "user": 1, "content_type": 8, "object_id": "19", "object_repr": "Taylor Swift released two studio albums in 2020: one was titled Folklore, but what was the name of the other one?", "action_flag": 1, "change_message": "[{\"added\": {}}]"}}, {"model": "admin.logentry", "pk": 30, "fields": {"action_time": "2023-06-11T11:30:40.859Z", "user": 1, "content_type": 8, "object_id": "20", "object_repr": "Roger Taylor is the drummer in which band?", "action_flag": 1, "change_message": "[{\"added\": {}}]"}}, {"model": "admin.logentry", "pk": 31, "fields": {"action_time": "2023-06-12T09:31:11.807Z", "user": 1, "content_type": 11, "object_id": "1", "object_repr": "20 questions about recent music events", "action_flag": 2, "change_message": "[{\"changed\": {\"fields\": [\"Img\"]}}]"}}, {"model": "admin.logentry", "pk": 32, "fields": {"action_time": "2023-06-12T09:38:27.723Z", "user": 1, "content_type": 11, "object_id": "1", "object_repr": "20 questions about recent music events", "action_flag": 2, "change_message": "[{\"changed\": {\"fields\": [\"Img\"]}}]"}}, {"model": "admin.logentry", "pk": 33, "fields": {"action_time": "2023-06-12T09:39:03.494Z", "user": 1, "content_type": 11, "object_id": "1", "object_repr": "20 questions about recent music events", "action_flag": 2, "change_message": "[{\"changed\": {\"fields\": [\"Img\"]}}]"}}, {"model": "admin.logentry", "pk": 34, "fields": {"action_time": "2023-06-12T09:52:40.338Z", "user": 1, "content_type": 11, "object_id": "1", "object_repr": "20 questions about recent music events", "action_flag": 2, "change_message": "[{\"changed\": {\"fields\": [\"Img\"]}}]"}}, {"model": "admin.logentry", "pk": 35, "fields": {"action_time": "2023-06-12T11:43:05.254Z", "user": 1, "content_type": 11, "object_id": "2", "object_repr": "90s Music Quiz", "action_flag": 1, "change_message": "[{\"added\": {}}]"}}, {"model": "admin.logentry", "pk": 36, "fields": {"action_time": "2023-06-12T11:43:11.397Z", "user": 1, "content_type": 11, "object_id": "2", "object_repr": "90s Music Quiz", "action_flag": 2, "change_message": "[]"}}, {"model": "admin.logentry", "pk": 37, "fields": {"action_time": "2023-06-13T13:52:00.639Z", "user": 1, "content_type": 9, "object_id": "1", "object_repr": "Sir Cliff Richard", "action_flag": 1, "change_message": "[{\"added\": {}}]"}}, {"model": "admin.logentry", "pk": 38, "fields": {"action_time": "2023-06-13T13:52:15.385Z", "user": 1, "content_type": 9, "object_id": "2", "object_repr": "Sir Bob Jeff", "action_flag": 1, "change_message": "[{\"added\": {}}]"}}, {"model": "admin.logentry", "pk": 39, "fields": {"action_time": "2023-06-13T13:52:29.654Z", "user": 1, "content_type": 9, "object_id": "3", "object_repr": "Sir Kelly Marlin", "action_flag": 1, "change_message": "[{\"added\": {}}]"}}, {"model": "admin.logentry", "pk": 40, "fields": {"action_time": "2023-06-13T13:52:47.944Z", "user": 1, "content_type": 9, "object_id": "4", "object_repr": "Sir Tim Brimsley", "action_flag": 1, "change_message": "[{\"added\": {}}]"}}, {"model": "admin.logentry", "pk": 41, "fields": {"action_time": "2023-06-13T17:13:43.804Z", "user": 1, "content_type": 9, "object_id": "5", "object_repr": "Nine Inch Nails", "action_flag": 1, "change_message": "[{\"added\": {}}]"}}, {"model": "admin.logentry", "pk": 42, "fields": {"action_time": "2023-06-13T17:14:07.743Z", "user": 1, "content_type": 9, "object_id": "6", "object_repr": "Fife Inch Nails", "action_flag": 1, "change_message": "[{\"added\": {}}]"}}, {"model": "admin.logentry", "pk": 43, "fields": {"action_time": "2023-06-13T17:14:19.935Z", "user": 1, "content_type": 9, "object_id": "7", "object_repr": "Seven Inch Nails", "action_flag": 1, "change_message": "[{\"added\": {}}]"}}, {"model": "admin.logentry", "pk": 44, "fields": {"action_time": "2023-06-13T17:14:32.233Z", "user": 1, "content_type": 9, "object_id": "8", "object_repr": "Two Inch Nails", "action_flag": 1, "change_message": "[{\"added\": {}}]"}}, {"model": "admin.logentry", "pk": 45, "fields": {"action_time": "2023-06-13T17:14:46.229Z", "user": 1, "content_type": 9, "object_id": "9", "object_repr": "Eleven Inch Nails", "action_flag": 1, "change_message": "[{\"added\": {}}]"}}, {"model": "admin.logentry", "pk": 46, "fields": {"action_time": "2023-06-13T17:15:02.984Z", "user": 1, "content_type": 9, "object_id": "8", "object_repr": "Two Inch Nails", "action_flag": 3, "change_message": ""}}, {"model": "admin.logentry", "pk": 47, "fields": {"action_time": "2023-06-13T17:56:29.410Z", "user": 1, "content_type": 9, "object_id": "10", "object_repr": "Shame", "action_flag": 1, "change_message": "[{\"added\": {}}]"}}, {"model": "admin.logentry", "pk": 48, "fields": {"action_time": "2023-06-13T17:56:38.200Z", "user": 1, "content_type": 9, "object_id": "11", "object_repr": "Beach", "action_flag": 1, "change_message": "[{\"added\": {}}]"}}, {"model": "admin.logentry", "pk": 49, "fields": {"action_time": "2023-06-13T17:56:52.517Z", "user": 1, "content_type": 9, "object_id": "12", "object_repr": "Cruel", "action_flag": 1, "change_message": "[{\"added\": {}}]"}}, {"model": "admin.logentry", "pk": 50, "fields": {"action_time": "2023-06-13T17:57:02.484Z", "user": 1, "content_type": 9, "object_id": "13", "object_repr": "Spicy", "action_flag": 1, "change_message": "[{\"added\": {}}]"}}, {"model": "admin.logentry", "pk": 51, "fields": {"action_time": "2023-06-13T17:57:22.318Z", "user": 1, "content_type": 9, "object_id": "14", "object_repr": "Led Zeppelin", "action_flag": 1, "change_message": "[{\"added\": {}}]"}}, {"model": "admin.logentry", "pk": 52, "fields": {"action_time": "2023-06-13T17:57:31.108Z", "user": 1, "content_type": 9, "object_id": "15", "object_repr": "Queen", "action_flag": 1, "change_message": "[{\"added\": {}}]"}}, {"model": "admin.logentry", "pk": 53, "fields": {"action_time": "2023-06-13T17:58:51.053Z", "user": 1, "content_type": 9, "object_id": "16", "object_repr": "Queens of the Stone Age", "action_flag": 1, "change_message": "[{\"added\": {}}]"}}, {"model": "admin.logentry", "pk": 54, "fields": {"action_time": "2023-06-13T17:59:06.561Z", "user": 1, "content_type": 9, "object_id": "17", "object_repr": "Foo Fighters", "action_flag": 1, "change_message": "[{\"added\": {}}]"}}, {"model": "admin.logentry", "pk": 55, "fields": {"action_time": "2023-06-13T17:59:19.628Z", "user": 1, "content_type": 9, "object_id": "18", "object_repr": "1979", "action_flag": 1, "change_message": "[{\"added\": {}}]"}}, {"model": "admin.logentry", "pk": 56, "fields": {"action_time": "2023-06-13T17:59:27.572Z", "user": 1, "content_type": 9, "object_id": "19", "object_repr": "1980", "action_flag": 1, "change_message": "[{\"added\": {}}]"}}, {"model": "admin.logentry", "pk": 57, "fields": {"action_time": "2023-06-13T17:59:35.279Z", "user": 1, "content_type": 9, "object_id": "20", "object_repr": "1985", "action_flag": 1, "change_message": "[{\"added\": {}}]"}}, {"model": "admin.logentry", "pk": 58, "fields": {"action_time": "2023-06-13T17:59:44.222Z", "user": 1, "content_type": 9, "object_id": "21", "object_repr": "1977", "action_flag": 1, "change_message": "[{\"added\": {}}]"}}, {"model": "admin.logentry", "pk": 59, "fields": {"action_time": "2023-06-13T18:00:07.827Z", "user": 1, "content_type": 9, "object_id": "22", "object_repr": "3", "action_flag": 1, "change_message": "[{\"added\": {}}]"}}, {"model": "admin.logentry", "pk": 60, "fields": {"action_time": "2023-06-13T18:00:13.799Z", "user": 1, "content_type": 9, "object_id": "23", "object_repr": "5", "action_flag": 1, "change_message": "[{\"added\": {}}]"}}, {"model": "admin.logentry", "pk": 61, "fields": {"action_time": "2023-06-13T18:00:21.162Z", "user": 1, "content_type": 9, "object_id": "24", "object_repr": "2", "action_flag": 1, "change_message": "[{\"added\": {}}]"}}, {"model": "admin.logentry", "pk": 62, "fields": {"action_time": "2023-06-13T18:00:27.690Z", "user": 1, "content_type": 9, "object_id": "25", "object_repr": "8", "action_flag": 1, "change_message": "[{\"added\": {}}]"}}, {"model": "admin.logentry", "pk": 63, "fields": {"action_time": "2023-06-13T18:00:43.891Z", "user": 1, "content_type": 9, "object_id": "26", "object_repr": "Joni Mitchell", "action_flag": 1, "change_message": "[{\"added\": {}}]"}}, {"model": "admin.logentry", "pk": 64, "fields": {"action_time": "2023-06-13T18:01:18.155Z", "user": 1, "content_type": 9, "object_id": "27", "object_repr": "Kit Macery", "action_flag": 1, "change_message": "[{\"added\": {}}]"}}, {"model": "admin.logentry", "pk": 65, "fields": {"action_time": "2023-06-13T18:01:31.100Z", "user": 1, "content_type": 9, "object_id": "28", "object_repr": "Joe Genny", "action_flag": 1, "change_message": "[{\"added\": {}}]"}}, {"model": "admin.logentry", "pk": 66, "fields": {"action_time": "2023-06-13T18:01:42.280Z", "user": 1, "content_type": 9, "object_id": "29", "object_repr": "Billy Boeh", "action_flag": 1, "change_message": "[{\"added\": {}}]"}}, {"model": "admin.logentry", "pk": 67, "fields": {"action_time": "2023-06-13T18:01:59.870Z", "user": 1, "content_type": 9, "object_id": "30", "object_repr": "The Shape of You by Ed Sheeran", "action_flag": 1, "change_message": "[{\"added\": {}}]"}}, {"model": "admin.logentry", "pk": 68, "fields": {"action_time": "2023-06-13T18:02:39.173Z", "user": 1, "content_type": 9, "object_id": "31", "object_repr": "Human by Rag'n'Bone Man", "action_flag": 1, "change_message": "[{\"added\": {}}]"}}, {"model": "admin.logentry", "pk": 69, "fields": {"action_time": "2023-06-13T18:03:13.107Z", "user": 1, "content_type": 9, "object_id": "32", "object_repr": "Get Lucky by Daft Punk", "action_flag": 1, "change_message": "[{\"added\": {}}]"}}, {"model": "admin.logentry", "pk": 70, "fields": {"action_time": "2023-06-13T18:03:58.435Z", "user": 1, "content_type": 9, "object_id": "33", "object_repr": "Every Teardrop Is a Waterfall by Coldplay", "action_flag": 1, "change_message": "[{\"added\": {}}]"}}, {"model": "admin.logentry", "pk": 71, "fields": {"action_time": "2023-06-13T18:04:19.434Z", "user": 1, "content_type": 9, "object_id": "34", "object_repr": "1977", "action_flag": 1, "change_message": "[{\"added\": {}}]"}}, {"model": "admin.logentry", "pk": 72, "fields": {"action_time": "2023-06-13T18:04:27.266Z", "user": 1, "content_type": 9, "object_id": "35", "object_repr": "1980", "action_flag": 1, "change_message": "[{\"added\": {}}]"}}, {"model": "admin.logentry", "pk": 73, "fields": {"action_time": "2023-06-13T18:04:35.361Z", "user": 1, "content_type": 9, "object_id": "36", "object_repr": "1990", "action_flag": 1, "change_message": "[{\"added\": {}}]"}}, {"model": "admin.logentry", "pk": 74, "fields": {"action_time": "2023-06-13T18:04:46.091Z", "user": 1, "content_type": 9, "object_id": "37", "object_repr": "1978", "action_flag": 1, "change_message": "[{\"added\": {}}]"}}, {"model": "admin.logentry", "pk": 75, "fields": {"action_time": "2023-06-13T18:05:34.812Z", "user": 1, "content_type": 9, "object_id": "38", "object_repr": "17", "action_flag": 1, "change_message": "[{\"added\": {}}]"}}, {"model": "admin.logentry", "pk": 76, "fields": {"action_time": "2023-06-13T18:05:40.744Z", "user": 1, "content_type": 9, "object_id": "39", "object_repr": "15", "action_flag": 1, "change_message": "[{\"added\": {}}]"}}, {"model": "admin.logentry", "pk": 77, "fields": {"action_time": "2023-06-13T18:05:48.501Z", "user": 1, "content_type": 9, "object_id": "40", "object_repr": "24", "action_flag": 1, "change_message": "[{\"added\": {}}]"}}, {"model": "admin.logentry", "pk": 78, "fields": {"action_time": "2023-06-13T18:06:00.061Z", "user": 1, "content_type": 9, "object_id": "41", "object_repr": "19", "action_flag": 1, "change_message": "[{\"added\": {}}]"}}, {"model": "admin.logentry", "pk": 79, "fields": {"action_time": "2023-06-13T18:06:23.982Z", "user": 1, "content_type": 9, "object_id": "42", "object_repr": "Elton John", "action_flag": 1, "change_message": "[{\"added\": {}}]"}}, {"model": "admin.logentry", "pk": 80, "fields": {"action_time": "2023-06-13T18:06:47.829Z", "user": 1, "content_type": 9, "object_id": "43", "object_repr": "Elvis Presley", "action_flag": 1, "change_message": "[{\"added\": {}}]"}}, {"model": "admin.logentry", "pk": 81, "fields": {"action_time": "2023-06-13T18:06:59.925Z", "user": 1, "content_type": 9, "object_id": "44", "object_repr": "Booa Man", "action_flag": 1, "change_message": "[{\"added\": {}}]"}}, {"model": "admin.logentry", "pk": 82, "fields": {"action_time": "2023-06-13T18:07:23.307Z", "user": 1, "content_type": 9, "object_id": "45", "object_repr": "Ed Sheeran", "action_flag": 1, "change_message": "[{\"added\": {}}]"}}, {"model": "admin.logentry", "pk": 83, "fields": {"action_time": "2023-06-13T18:07:48.577Z", "user": 1, "content_type": 9, "object_id": "46", "object_repr": "Britney Spears", "action_flag": 1, "change_message": "[{\"added\": {}}]"}}, {"model": "admin.logentry", "pk": 84, "fields": {"action_time": "2023-06-13T18:08:04.931Z", "user": 1, "content_type": 9, "object_id": "47", "object_repr": "Taylor Swift", "action_flag": 1, "change_message": "[{\"added\": {}}]"}}, {"model": "admin.logentry", "pk": 85, "fields": {"action_time": "2023-06-13T18:08:29.980Z", "user": 1, "content_type": 9, "object_id": "48", "object_repr": "Kanye West", "action_flag": 1, "change_message": "[{\"added\": {}}]"}}, {"model": "admin.logentry", "pk": 86, "fields": {"action_time": "2023-06-13T18:09:02.024Z", "user": 1, "content_type": 9, "object_id": "49", "object_repr": "Miley Cyrus", "action_flag": 1, "change_message": "[{\"added\": {}}]"}}, {"model": "admin.logentry", "pk": 87, "fields": {"action_time": "2023-06-13T18:09:17.436Z", "user": 1, "content_type": 9, "object_id": "50", "object_repr": "Coldplay", "action_flag": 1, "change_message": "[{\"added\": {}}]"}}, {"model": "admin.logentry", "pk": 88, "fields": {"action_time": "2023-06-13T18:09:25.696Z", "user": 1, "content_type": 9, "object_id": "51", "object_repr": "Foo Fighters", "action_flag": 1, "change_message": "[{\"added\": {}}]"}}, {"model": "admin.logentry", "pk": 89, "fields": {"action_time": "2023-06-13T18:09:45.398Z", "user": 1, "content_type": 9, "object_id": "52", "object_repr": "Green Day", "action_flag": 1, "change_message": "[{\"added\": {}}]"}}, {"model": "admin.logentry", "pk": 90, "fields": {"action_time": "2023-06-13T18:10:15.978Z", "user": 1, "content_type": 9, "object_id": "53", "object_repr": "My Chemical Romance", "action_flag": 1, "change_message": "[{\"added\": {}}]"}}, {"model": "admin.logentry", "pk": 91, "fields": {"action_time": "2023-06-13T18:10:32.508Z", "user": 1, "content_type": 9, "object_id": "54", "object_repr": "The Moody Blues", "action_flag": 1, "change_message": "[{\"added\": {}}]"}}, {"model": "admin.logentry", "pk": 92, "fields": {"action_time": "2023-06-13T18:10:43.665Z", "user": 1, "content_type": 9, "object_id": "55", "object_repr": "The Moody Jazz", "action_flag": 1, "change_message": "[{\"added\": {}}]"}}, {"model": "admin.logentry", "pk": 93, "fields": {"action_time": "2023-06-13T18:10:57.177Z", "user": 1, "content_type": 9, "object_id": "56", "object_repr": "The Stones", "action_flag": 1, "change_message": "[{\"added\": {}}]"}}, {"model": "admin.logentry", "pk": 94, "fields": {"action_time": "2023-06-13T18:11:11.136Z", "user": 1, "content_type": 9, "object_id": "57", "object_repr": "The Waves", "action_flag": 1, "change_message": "[{\"added\": {}}]"}}, {"model": "admin.logentry", "pk": 95, "fields": {"action_time": "2023-06-13T18:11:28.649Z", "user": 1, "content_type": 9, "object_id": "58", "object_repr": "David Bowie", "action_flag": 1, "change_message": "[{\"added\": {}}]"}}, {"model": "admin.logentry", "pk": 96, "fields": {"action_time": "2023-06-13T18:11:40.833Z", "user": 1, "content_type": 9, "object_id": "59", "object_repr": "John Lennon", "action_flag": 1, "change_message": "[{\"added\": {}}]"}}, {"model": "admin.logentry", "pk": 97, "fields": {"action_time": "2023-06-13T18:12:11.625Z", "user": 1, "content_type": 9, "object_id": "60", "object_repr": "Bob Dylan", "action_flag": 1, "change_message": "[{\"added\": {}}]"}}, {"model": "admin.logentry", "pk": 98, "fields": {"action_time": "2023-06-13T18:12:23.038Z", "user": 1, "content_type": 9, "object_id": "61", "object_repr": "Stevie Wonder", "action_flag": 1, "change_message": "[{\"added\": {}}]"}}, {"model": "admin.logentry", "pk": 99, "fields": {"action_time": "2023-06-13T18:13:22.012Z", "user": 1, "content_type": 9, "object_id": "62", "object_repr": "One True Voice", "action_flag": 1, "change_message": "[{\"added\": {}}]"}}, {"model": "admin.logentry", "pk": 100, "fields": {"action_time": "2023-06-13T18:13:37.796Z", "user": 1, "content_type": 9, "object_id": "63", "object_repr": "One True Song", "action_flag": 1, "change_message": "[{\"added\": {}}]"}}, {"model": "admin.logentry", "pk": 101, "fields": {"action_time": "2023-06-13T18:13:50.788Z", "user": 1, "content_type": 9, "object_id": "64", "object_repr": "The Guy", "action_flag": 1, "change_message": "[{\"added\": {}}]"}}, {"model": "admin.logentry", "pk": 102, "fields": {"action_time": "2023-06-13T18:14:22.301Z", "user": 1, "content_type": 9, "object_id": "65", "object_repr": "Sneakers", "action_flag": 1, "change_message": "[{\"added\": {}}]"}}, {"model": "admin.logentry", "pk": 103, "fields": {"action_time": "2023-06-13T18:14:44.756Z", "user": 1, "content_type": 9, "object_id": "66", "object_repr": "5", "action_flag": 1, "change_message": "[{\"added\": {}}]"}}, {"model": "admin.logentry", "pk": 104, "fields": {"action_time": "2023-06-13T18:14:53.916Z", "user": 1, "content_type": 9, "object_id": "67", "object_repr": "7", "action_flag": 1, "change_message": "[{\"added\": {}}]"}}, {"model": "admin.logentry", "pk": 105, "fields": {"action_time": "2023-06-13T18:15:00.412Z", "user": 1, "content_type": 9, "object_id": "68", "object_repr": "10", "action_flag": 1, "change_message": "[{\"added\": {}}]"}}, {"model": "admin.logentry", "pk": 106, "fields": {"action_time": "2023-06-13T18:15:06.941Z", "user": 1, "content_type": 9, "object_id": "69", "object_repr": "8", "action_flag": 1, "change_message": "[{\"added\": {}}]"}}, {"model": "admin.logentry", "pk": 107, "fields": {"action_time": "2023-06-13T18:15:41.797Z", "user": 1, "content_type": 9, "object_id": "70", "object_repr": "Louis Walsh", "action_flag": 1, "change_message": "[{\"added\": {}}]"}}, {"model": "admin.logentry", "pk": 108, "fields": {"action_time": "2023-06-13T18:16:14.973Z", "user": 1, "content_type": 9, "object_id": "71", "object_repr": "Dave Marsh", "action_flag": 1, "change_message": "[{\"added\": {}}]"}}, {"model": "admin.logentry", "pk": 109, "fields": {"action_time": "2023-06-13T18:16:31.012Z", "user": 1, "content_type": 9, "object_id": "72", "object_repr": "Greil Marcus", "action_flag": 1, "change_message": "[{\"added\": {}}]"}}, {"model": "admin.logentry", "pk": 110, "fields": {"action_time": "2023-06-13T18:16:47.990Z", "user": 1, "content_type": 9, "object_id": "73", "object_repr": "Jon Landau", "action_flag": 1, "change_message": "[{\"added\": {}}]"}}, {"model": "admin.logentry", "pk": 111, "fields": {"action_time": "2023-06-13T18:17:04.447Z", "user": 1, "content_type": 9, "object_id": "74", "object_repr": "Evermore", "action_flag": 1, "change_message": "[{\"added\": {}}]"}}, {"model": "admin.logentry", "pk": 112, "fields": {"action_time": "2023-06-13T18:17:23.752Z", "user": 1, "content_type": 9, "object_id": "75", "object_repr": "Last Summer", "action_flag": 1, "change_message": "[{\"added\": {}}]"}}, {"model": "admin.logentry", "pk": 113, "fields": {"action_time": "2023-06-13T18:18:03.216Z", "user": 1, "content_type": 9, "object_id": "76", "object_repr": "Lover", "action_flag": 1, "change_message": "[{\"added\": {}}]"}}, {"model": "admin.logentry", "pk": 114, "fields": {"action_time": "2023-06-13T18:18:26.343Z", "user": 1, "content_type": 9, "object_id": "77", "object_repr": "Red", "action_flag": 1, "change_message": "[{\"added\": {}}]"}}, {"model": "admin.logentry", "pk": 115, "fields": {"action_time": "2023-06-14T07:21:33.271Z", "user": 1, "content_type": 9, "object_id": "78", "object_repr": "Queen", "action_flag": 1, "change_message": "[{\"added\": {}}]"}}, {"model": "admin.logentry", "pk": 116, "fields": {"action_time": "2023-06-14T07:21:46.365Z", "user": 1, "content_type": 9, "object_id": "79", "object_repr": "The Beatles", "action_flag": 1, "change_message": "[{\"added\": {}}]"}}, {"model": "admin.logentry", "pk": 117, "fields": {"action_time": "2023-06-14T07:21:57.297Z", "user": 1, "content_type": 9, "object_id": "80", "object_repr": "Evergreen", "action_flag": 1, "change_message": "[{\"added\": {}}]"}}, {"model": "admin.logentry", "pk": 118, "fields": {"action_time": "2023-06-14T07:22:19.479Z", "user": 1, "content_type": 9, "object_id": "81", "object_repr": "Led Zeppelin", "action_flag": 1, "change_message": "[{\"added\": {}}]"}}, {"model": "admin.logentry", "pk": 119, "fields": {"action_time": "2023-06-15T06:42:53.550Z", "user": 1, "content_type": 9, "object_id": "1", "object_repr": "Sir Cliff Richard", "action_flag": 2, "change_message": "[]"}}, {"model": "admin.logentry", "pk": 120, "fields": {"action_time": "2023-06-24T10:27:17.371Z", "user": 1, "content_type": 10, "object_id": "1", "object_repr": "0", "action_flag": 3, "change_message": ""}}, {"model": "admin.logentry", "pk": 121, "fields": {"action_time": "2023-06-24T10:46:05.602Z", "user": 1, "content_type": 10, "object_id": "1", "object_repr": "0", "action_flag": 3, "change_message": ""}}, {"model": "admin.logentry", "pk": 122, "fields": {"action_time": "2023-06-24T10:55:48.587Z", "user": 1, "content_type": 10, "object_id": "1", "object_repr": "0", "action_flag": 3, "change_message": ""}}, {"model": "admin.logentry", "pk": 123, "fields": {"action_time": "2023-06-24T11:11:36.850Z", "user": 1, "content_type": 10, "object_id": "1", "object_repr": "5", "action_flag": 3, "change_message": ""}}, {"model": "admin.logentry", "pk": 124, "fields": {"action_time": "2023-06-24T11:12:52.597Z", "user": 1, "content_type": 10, "object_id": "1", "object_repr": "10", "action_flag": 3, "change_message": ""}}, {"model": "admin.logentry", "pk": 125, "fields": {"action_time": "2023-06-24T11:13:59.520Z", "user": 1, "content_type": 10, "object_id": "1", "object_repr": "10", "action_flag": 3, "change_message": ""}}, {"model": "admin.logentry", "pk": 126, "fields": {"action_time": "2023-06-24T11:16:42.253Z", "user": 1, "content_type": 10, "object_id": "1", "object_repr": "10", "action_flag": 3, "change_message": ""}}, {"model": "admin.logentry", "pk": 127, "fields": {"action_time": "2023-06-25T07:09:42.334Z", "user": 1, "content_type": 10, "object_id": "5", "object_repr": "20", "action_flag": 3, "change_message": ""}}, {"model": "admin.logentry", "pk": 128, "fields": {"action_time": "2023-06-25T07:11:12.657Z", "user": 1, "content_type": 10, "object_id": "1", "object_repr": "20", "action_flag": 2, "change_message": "[{\"changed\": {\"fields\": [\"User id\"]}}]"}}, {"model": "admin.logentry", "pk": 129, "fields": {"action_time": "2023-06-25T07:11:38.160Z", "user": 1, "content_type": 10, "object_id": "1", "object_repr": "20", "action_flag": 3, "change_message": ""}}, {"model": "admin.logentry", "pk": 130, "fields": {"action_time": "2023-06-25T07:13:00.130Z", "user": 1, "content_type": 10, "object_id": "2", "object_repr": "20", "action_flag": 3, "change_message": ""}}, {"model": "admin.logentry", "pk": 131, "fields": {"action_time": "2023-06-25T09:32:34.619Z", "user": 1, "content_type": 10, "object_id": "3", "object_repr": "10", "action_flag": 3, "change_message": ""}}, {"model": "admin.logentry", "pk": 132, "fields": {"action_time": "2023-06-25T09:47:23.147Z", "user": 1, "content_type": 10, "object_id": "4", "object_repr": "10", "action_flag": 3, "change_message": ""}}, {"model": "admin.logentry", "pk": 133, "fields": {"action_time": "2023-06-25T10:15:17.787Z", "user": 1, "content_type": 10, "object_id": "6", "object_repr": "20", "action_flag": 3, "change_message": ""}}, {"model": "admin.logentry", "pk": 134, "fields": {"action_time": "2023-06-25T10:15:23.398Z", "user": 1, "content_type": 10, "object_id": "5", "object_repr": "10", "action_flag": 3, "change_message": ""}}, {"model": "admin.logentry", "pk": 135, "fields": {"action_time": "2023-06-26T06:55:40.076Z", "user": 1, "content_type": 10, "object_id": "9", "object_repr": "95", "action_flag": 2, "change_message": "[]"}}, {"model": "admin.logentry", "pk": 136, "fields": {"action_time": "2023-06-26T11:29:16.528Z", "user": 1, "content_type": 10, "object_id": "13", "object_repr": "25", "action_flag": 3, "change_message": ""}}, {"model": "admin.logentry", "pk": 137, "fields": {"action_time": "2023-06-26T11:29:24.380Z", "user": 1, "content_type": 10, "object_id": "12", "object_repr": "0", "action_flag": 3, "change_message": ""}}, {"model": "admin.logentry", "pk": 138, "fields": {"action_time": "2023-06-26T11:29:24.388Z", "user": 1, "content_type": 10, "object_id": "11", "object_repr": "10", "action_flag": 3, "change_message": ""}}, {"model": "admin.logentry", "pk": 139, "fields": {"action_time": "2023-06-26T11:42:36.053Z", "user": 1, "content_type": 10, "object_id": "2", "object_repr": "0", "action_flag": 3, "change_message": ""}}, {"model": "admin.logentry", "pk": 140, "fields": {"action_time": "2023-06-26T11:42:36.062Z", "user": 1, "content_type": 10, "object_id": "1", "object_repr": "15", "action_flag": 3, "change_message": ""}}, {"model": "admin.logentry", "pk": 141, "fields": {"action_time": "2023-06-26T11:58:43.306Z", "user": 1, "content_type": 10, "object_id": "3", "object_repr": "10", "action_flag": 3, "change_message": ""}}, {"model": "admin.logentry", "pk": 142, "fields": {"action_time": "2023-06-26T11:58:48.012Z", "user": 1, "content_type": 10, "object_id": "4", "object_repr": "10", "action_flag": 2, "change_message": "[]"}}, {"model": "admin.logentry", "pk": 143, "fields": {"action_time": "2023-06-26T12:01:00.677Z", "user": 1, "content_type": 10, "object_id": "6", "object_repr": "0", "action_flag": 3, "change_message": ""}}, {"model": "admin.logentry", "pk": 144, "fields": {"action_time": "2023-06-26T12:01:00.685Z", "user": 1, "content_type": 10, "object_id": "5", "object_repr": "0", "action_flag": 3, "change_message": ""}}, {"model": "admin.logentry", "pk": 145, "fields": {"action_time": "2023-06-26T12:01:00.688Z", "user": 1, "content_type": 10, "object_id": "4", "object_repr": "0", "action_flag": 3, "change_message": ""}}, {"model": "admin.logentry", "pk": 146, "fields": {"action_time": "2023-06-27T09:52:09.268Z", "user": 1, "content_type": 10, "object_id": "7", "object_repr": "20", "action_flag": 2, "change_message": "[]"}}, {"model": "admin.logentry", "pk": 147, "fields": {"action_time": "2023-06-27T09:54:17.626Z", "user": 1, "content_type": 10, "object_id": "11", "object_repr": "0", "action_flag": 2, "change_message": "[]"}}, {"model": "admin.logentry", "pk": 148, "fields": {"action_time": "2023-06-27T09:54:58.748Z", "user": 1, "content_type": 10, "object_id": "11", "object_repr": "0", "action_flag": 2, "change_message": "[]"}}, {"model": "admin.logentry", "pk": 149, "fields": {"action_time": "2023-06-27T09:55:14.305Z", "user": 1, "content_type": 10, "object_id": "11", "object_repr": "0", "action_flag": 3, "change_message": ""}}, {"model": "admin.logentry", "pk": 150, "fields": {"action_time": "2023-06-27T09:55:14.317Z", "user": 1, "content_type": 10, "object_id": "10", "object_repr": "85", "action_flag": 3, "change_message": ""}}, {"model": "admin.logentry", "pk": 151, "fields": {"action_time": "2023-06-27T09:55:14.324Z", "user": 1, "content_type": 10, "object_id": "9", "object_repr": "85", "action_flag": 3, "change_message": ""}}, {"model": "admin.logentry", "pk": 152, "fields": {"action_time": "2023-06-27T09:55:14.330Z", "user": 1, "content_type": 10, "object_id": "8", "object_repr": "85", "action_flag": 3, "change_message": ""}}, {"model": "admin.logentry", "pk": 153, "fields": {"action_time": "2023-06-27T09:55:14.334Z", "user": 1, "content_type": 10, "object_id": "7", "object_repr": "20", "action_flag": 3, "change_message": ""}}, {"model": "admin.logentry", "pk": 154, "fields": {"action_time": "2023-06-27T10:05:56.184Z", "user": 1, "content_type": 10, "object_id": "12", "object_repr": "0", "action_flag": 3, "change_message": ""}}, {"model": "admin.logentry", "pk": 155, "fields": {"action_time": "2023-06-27T10:18:08.647Z", "user": 1, "content_type": 10, "object_id": "13", "object_repr": "0", "action_flag": 3, "change_message": ""}}, {"model": "admin.logentry", "pk": 156, "fields": {"action_time": "2023-06-27T10:37:29.788Z", "user": 1, "content_type": 10, "object_id": "21", "object_repr": "5", "action_flag": 3, "change_message": ""}}, {"model": "admin.logentry", "pk": 157, "fields": {"action_time": "2023-06-27T10:37:29.797Z", "user": 1, "content_type": 10, "object_id": "20", "object_repr": "0", "action_flag": 3, "change_message": ""}}, {"model": "admin.logentry", "pk": 158, "fields": {"action_time": "2023-06-27T10:37:29.800Z", "user": 1, "content_type": 10, "object_id": "19", "object_repr": "0", "action_flag": 3, "change_message": ""}}, {"model": "admin.logentry", "pk": 159, "fields": {"action_time": "2023-06-27T10:37:29.802Z", "user": 1, "content_type": 10, "object_id": "18", "object_repr": "0", "action_flag": 3, "change_message": ""}}, {"model": "admin.logentry", "pk": 160, "fields": {"action_time": "2023-06-27T10:37:29.805Z", "user": 1, "content_type": 10, "object_id": "17", "object_repr": "15", "action_flag": 3, "change_message": ""}}, {"model": "admin.logentry", "pk": 161, "fields": {"action_time": "2023-06-27T10:37:29.807Z", "user": 1, "content_type": 10, "object_id": "16", "object_repr": "5", "action_flag": 3, "change_message": ""}}, {"model": "admin.logentry", "pk": 162, "fields": {"action_time": "2023-06-27T10:37:29.809Z", "user": 1, "content_type": 10, "object_id": "15", "object_repr": "20", "action_flag": 3, "change_message": ""}}, {"model": "admin.logentry", "pk": 163, "fields": {"action_time": "2023-06-27T10:37:29.811Z", "user": 1, "content_type": 10, "object_id": "14", "object_repr": "85", "action_flag": 3, "change_message": ""}}, {"model": "admin.logentry", "pk": 164, "fields": {"action_time": "2023-06-27T10:38:16.306Z", "user": 1, "content_type": 10, "object_id": "22", "object_repr": "0", "action_flag": 2, "change_message": "[]"}}, {"model": "admin.logentry", "pk": 165, "fields": {"action_time": "2023-06-28T08:46:21.669Z", "user": 1, "content_type": 10, "object_id": "23", "object_repr": "5", "action_flag": 3, "change_message": ""}}, {"model": "admin.logentry", "pk": 166, "fields": {"action_time": "2023-06-28T08:46:21.679Z", "user": 1, "content_type": 10, "object_id": "22", "object_repr": "0", "action_flag": 3, "change_message": ""}}, {"model": "admin.logentry", "pk": 167, "fields": {"action_time": "2023-06-28T08:51:03.144Z", "user": 1, "content_type": 10, "object_id": "26", "object_repr": "0", "action_flag": 3, "change_message": ""}}, {"model": "admin.logentry", "pk": 168, "fields": {"action_time": "2023-06-28T08:51:03.153Z", "user": 1, "content_type": 10, "object_id": "25", "object_repr": "0", "action_flag": 3, "change_message": ""}}, {"model": "admin.logentry", "pk": 169, "fields": {"action_time": "2023-06-28T08:51:03.155Z", "user": 1, "content_type": 10, "object_id": "24", "object_repr": "20", "action_flag": 3, "change_message": ""}}, {"model": "admin.logentry", "pk": 170, "fields": {"action_time": "2023-06-28T09:06:47.094Z", "user": 1, "content_type": 10, "object_id": "27", "object_repr": "20", "action_flag": 3, "change_message": ""}}, {"model": "admin.logentry", "pk": 171, "fields": {"action_time": "2023-06-28T10:16:30.149Z", "user": 1, "content_type": 10, "object_id": "31", "object_repr": "95", "action_flag": 2, "change_message": "[]"}}, {"model": "auth.permission", "pk": 1, "fields": {"name": "Can add log entry", "content_type": 1, "codename": "add_logentry"}}, {"model": "auth.permission", "pk": 2, "fields": {"name": "Can change log entry", "content_type": 1, "codename": "change_logentry"}}, {"model": "auth.permission", "pk": 3, "fields": {"name": "Can delete log entry", "content_type": 1, "codename": "delete_logentry"}}, {"model": "auth.permission", "pk": 4, "fields": {"name": "Can view log entry", "content_type": 1, "codename": "view_logentry"}}, {"model": "auth.permission", "pk": 5, "fields": {"name": "Can add permission", "content_type": 2, "codename": "add_permission"}}, {"model": "auth.permission", "pk": 6, "fields": {"name": "Can change permission", "content_type": 2, "codename": "change_permission"}}, {"model": "auth.permission", "pk": 7, "fields": {"name": "Can delete permission", "content_type": 2, "codename": "delete_permission"}}, {"model": "auth.permission", "pk": 8, "fields": {"name": "Can view permission", "content_type": 2, "codename": "view_permission"}}, {"model": "auth.permission", "pk": 9, "fields": {"name": "Can add group", "content_type": 3, "codename": "add_group"}}, {"model": "auth.permission", "pk": 10, "fields": {"name": "Can change group", "content_type": 3, "codename": "change_group"}}, {"model": "auth.permission", "pk": 11, "fields": {"name": "Can delete group", "content_type": 3, "codename": "delete_group"}}, {"model": "auth.permission", "pk": 12, "fields": {"name": "Can view group", "content_type": 3, "codename": "view_group"}}, {"model": "auth.permission", "pk": 13, "fields": {"name": "Can add user", "content_type": 4, "codename": "add_user"}}, {"model": "auth.permission", "pk": 14, "fields": {"name": "Can change user", "content_type": 4, "codename": "change_user"}}, {"model": "auth.permission", "pk": 15, "fields": {"name": "Can delete user", "content_type": 4, "codename": "delete_user"}}, {"model": "auth.permission", "pk": 16, "fields": {"name": "Can view user", "content_type": 4, "codename": "view_user"}}, {"model": "auth.permission", "pk": 17, "fields": {"name": "Can add content type", "content_type": 5, "codename": "add_contenttype"}}, {"model": "auth.permission", "pk": 18, "fields": {"name": "Can change content type", "content_type": 5, "codename": "change_contenttype"}}, {"model": "auth.permission", "pk": 19, "fields": {"name": "Can delete content type", "content_type": 5, "codename": "delete_contenttype"}}, {"model": "auth.permission", "pk": 20, "fields": {"name": "Can view content type", "content_type": 5, "codename": "view_contenttype"}}, {"model": "auth.permission", "pk": 21, "fields": {"name": "Can add session", "content_type": 6, "codename": "add_session"}}, {"model": "auth.permission", "pk": 22, "fields": {"name": "Can change session", "content_type": 6, "codename": "change_session"}}, {"model": "auth.permission", "pk": 23, "fields": {"name": "Can delete session", "content_type": 6, "codename": "delete_session"}}, {"model": "auth.permission", "pk": 24, "fields": {"name": "Can view session", "content_type": 6, "codename": "view_session"}}, {"model": "auth.permission", "pk": 25, "fields": {"name": "Can add categories", "content_type": 7, "codename": "add_categories"}}, {"model": "auth.permission", "pk": 26, "fields": {"name": "Can change categories", "content_type": 7, "codename": "change_categories"}}, {"model": "auth.permission", "pk": 27, "fields": {"name": "Can delete categories", "content_type": 7, "codename": "delete_categories"}}, {"model": "auth.permission", "pk": 28, "fields": {"name": "Can view categories", "content_type": 7, "codename": "view_categories"}}, {"model": "auth.permission", "pk": 29, "fields": {"name": "Can add question", "content_type": 8, "codename": "add_question"}}, {"model": "auth.permission", "pk": 30, "fields": {"name": "Can change question", "content_type": 8, "codename": "change_question"}}, {"model": "auth.permission", "pk": 31, "fields": {"name": "Can delete question", "content_type": 8, "codename": "delete_question"}}, {"model": "auth.permission", "pk": 32, "fields": {"name": "Can view question", "content_type": 8, "codename": "view_question"}}, {"model": "auth.permission", "pk": 33, "fields": {"name": "Can add answer", "content_type": 9, "codename": "add_answer"}}, {"model": "auth.permission", "pk": 34, "fields": {"name": "Can change answer", "content_type": 9, "codename": "change_answer"}}, {"model": "auth.permission", "pk": 35, "fields": {"name": "Can delete answer", "content_type": 9, "codename": "delete_answer"}}, {"model": "auth.permission", "pk": 36, "fields": {"name": "Can view answer", "content_type": 9, "codename": "view_answer"}}, {"model": "auth.permission", "pk": 37, "fields": {"name": "Can add scores", "content_type": 10, "codename": "add_scores"}}, {"model": "auth.permission", "pk": 38, "fields": {"name": "Can change scores", "content_type": 10, "codename": "change_scores"}}, {"model": "auth.permission", "pk": 39, "fields": {"name": "Can delete scores", "content_type": 10, "codename": "delete_scores"}}, {"model": "auth.permission", "pk": 40, "fields": {"name": "Can view scores", "content_type": 10, "codename": "view_scores"}}, {"model": "auth.permission", "pk": 41, "fields": {"name": "Can add quiz", "content_type": 11, "codename": "add_quiz"}}, {"model": "auth.permission", "pk": 42, "fields": {"name": "Can change quiz", "content_type": 11, "codename": "change_quiz"}}, {"model": "auth.permission", "pk": 43, "fields": {"name": "Can delete quiz", "content_type": 11, "codename": "delete_quiz"}}, {"model": "auth.permission", "pk": 44, "fields": {"name": "Can view quiz", "content_type": 11, "codename": "view_quiz"}}, {"model": "auth.user", "pk": 1, "fields": {"password": "pbkdf2_sha256$320000$CKsiEeETaJyOL4cVw0K3Oz$PbwFNSEuOIGmL4fw1yNgvuIxk8E6eAeEPKEjmtyl2yQ=", "last_login": "2023-07-05T10:04:36.289Z", "is_superuser": true, "username": "barbara", "first_name": "", "last_name": "", "email": "marcelineabadir527@gmail.com", "is_staff": true, "is_active": true, "date_joined": "2023-05-29T11:42:36.815Z", "groups": [], "user_permissions": []}}, {"model": "auth.user", "pk": 4, "fields": {"password": "pbkdf2_sha256$320000$ta5oahXxjt9uQ1S3e7C5x9$Y0C/pvzriSLcUYXwuAMRDgaVSoB69EL/4/hIM7TGlGE=", "last_login": "2023-06-09T10:13:56.287Z", "is_superuser": false, "username": "Peter", "first_name": "Peter", "last_name": "Back", "email": "back@gmail.com", "is_staff": false, "is_active": true, "date_joined": "2023-06-06T18:11:17.021Z", "groups": [], "user_permissions": []}}, {"model": "auth.user", "pk": 5, "fields": {"password": "pbkdf2_sha256$320000$qiJzeojcQ68qcZfIRSfVg3$kh9g/4VaibaJ7zExB4n6eTL7EQC7gMiVnDeOjPb4wNw=", "last_login": "2023-07-06T08:51:41.602Z", "is_superuser": false, "username": "Barbie", "first_name": "Barbara", "last_name": "Panova", "email": "warwarapanova07@gmail.com", "is_staff": false, "is_active": true, "date_joined": "2023-06-10T09:35:17.897Z", "groups": [], "user_permissions": []}}, {"model": "contenttypes.contenttype", "pk": 1, "fields": {"app_label": "admin", "model": "logentry"}}, {"model": "contenttypes.contenttype", "pk": 2, "fields": {"app_label": "auth", "model": "permission"}}, {"model": "contenttypes.contenttype", "pk": 3, "fields": {"app_label": "auth", "model": "group"}}, {"model": "contenttypes.contenttype", "pk": 4, "fields": {"app_label": "auth", "model": "user"}}, {"model": "contenttypes.contenttype", "pk": 5, "fields": {"app_label": "contenttypes", "model": "contenttype"}}, {"model": "contenttypes.contenttype", "pk": 6, "fields": {"app_label": "sessions", "model": "session"}}, {"model": "contenttypes.contenttype", "pk": 7, "fields": {"app_label": "core", "model": "categories"}}, {"model": "contenttypes.contenttype", "pk": 8, "fields": {"app_label": "category", "model": "question"}}, {"model": "contenttypes.contenttype", "pk": 9, "fields": {"app_label": "category", "model": "answer"}}, {"model": "contenttypes.contenttype", "pk": 10, "fields": {"app_label": "category", "model": "scores"}}, {"model": "contenttypes.contenttype", "pk": 11, "fields": {"app_label": "category", "model": "quiz"}}, {"model": "sessions.session", "pk": "0pw5oaqgo5tvn2d724a5lhi4q8iyau6i", "fields": {"session_data": ".eJxVjL0OwiAURt-F2RB-BIqje5-BXLhcqRpISjsZ311JOujyDd85OS8WYN9K2Htew4Lswgw7_X4R0iPXAfAO9dZ4anVbl8iHwg_a-dwwP6-H-xco0MvIokTyJk3WZ9JgBSCp74pMzmpUWvkoCCxGraKSxoGRZyeFJ0l6Soq9P_NRN8k:1q8FQr:wtcsXm8gVbOXp7UQ81PesnpfoOw3Vy0dKc6HSEHyKC4", "expire_date": "2023-06-25T07:24:13.857Z"}}, {"model": "sessions.session", "pk": "8iuquolqaeic932je2ihloptc24vmdgz", "fields": {"session_data": ".eJxVjMsOwiAQRf-FtSFAeRSX7v0GMjMMUjU0Ke3K-O_apAvd3nPOfYkE21rT1nlJUxZnYcXpd0OgB7cd5Du02yxpbusyodwVedAur3Pm5-Vw_w4q9PqtAcfgClL0YzHeKCrorEEegtclWwPacMghKj84YpchqqIjQAHylonE-wP2pDjF:1q7YoJ:2F2tFBPKjFyHGhWPMen9JZxVfrhb10fAEDxvEl0mk0k", "expire_date": "2023-06-23T09:53:35.178Z"}}, {"model": "sessions.session", "pk": "k14ue99th015b6s7g134iqk6yb7aptqj", "fields": {"session_data": ".eJxVjEEOwiAQRe_C2hAGihSX7nsGMgyMVA0kpV0Z765NutDtf-_9lwi4rSVsPS9hTuIirDj9bhHpkesO0h3rrUlqdV3mKHdFHrTLqaX8vB7u30HBXr4150xw1pFcZIfOG52VGzABkwfvmNgqry3ygB4MJg1gNA8JYHQ4qijeHwWDOCw:1qGbpo:puhuSHl2UindKGkwAAmnFkjgXKZ6mvGicpfdt1qYUyo", "expire_date": "2023-07-18T08:56:32.516Z"}}, {"model": "sessions.session", "pk": "khk8x2ukl1nxf73w4oo99dv8sxk2clbp", "fields": {"session_data": ".eJxVjNtOxCAURf-FZ2mBtjKYGJN5n29oDodDixeY4aJR47_bmjHRt529116fbIZW17kVynNw7I5N7OZvZwGfKO6De4S4pA5TrDnYbke661q6U3L0fLyy_wQrlHV7eyKUt8qitl6DNoMioUdw0qORRnv0kzBqAj-CkQM4JeWg_OikPGg4CLtJz5leQ2plPsNCm7JHqLSkHKj8xvf-pZWA_aWFj14JfmlUakiRg02t8kxIsfIfhkd6Kw-76l4J9vUNDDhanA:1qHKkw:2Fw1a5yLTdmwj3GE5iNwxNdmIplvd7RvHes1zVUCRCk", "expire_date": "2023-07-20T08:54:30.649Z"}}, {"model": "sessions.session", "pk": "kru6v0hmduc8w7zenus1ppdri711bsgh", "fields": {"session_data": ".eJxVjEEOwiAQRe_C2hAGihSX7nsGMgyMVA0kpV0Z765NutDtf-_9lwi4rSVsPS9hTuIirDj9bhHpkesO0h3rrUlqdV3mKHdFHrTLqaX8vB7u30HBXr4150xw1pFcZIfOG52VGzABkwfvmNgqry3ygB4MJg1gNA8JYHQ4qijeHwWDOCw:1qGz5D:wK0RrZMFjP5HXaQEThivLSDuuHPBKLTuxjN3kT1wBdA", "expire_date": "2023-07-19T09:45:59.602Z"}}, {"model": "sessions.session", "pk": "s2xu45gwx3jzejyqaglrl2d4v8l39gjl", "fields": {"session_data": ".eJxVjMsOwiAQRf-FtSFAeRSX7v0GMjMMUjU0Ke3K-O_apAvd3nPOfYkE21rT1nlJUxZnYcXpd0OgB7cd5Du02yxpbusyodwVedAur3Pm5-Vw_w4q9PqtAcfgClL0YzHeKCrorEEegtclWwPacMghKj84YpchqqIjQAHylonE-wP2pDjF:1q7YuN:KHvgzuxh1UGdu0dwg4NQiGjsNh9PsW36MajBozItIJ4", "expire_date": "2023-06-23T09:59:51.926Z"}}, {"model": "sessions.session", "pk": "vtc77ikwjnwfyn3tjcdx9t7b0n7ygslg", "fields": {"session_data": ".eJxVjEEOwiAQRe_C2pAWGFpcuvcMZJgZpGpoUtqV8e7apAvd_vfef6mI21ri1mSJE6uzAnX63RLSQ-oO-I71Nmua67pMSe-KPmjT15nleTncv4OCrXxrMhYgOMTOWEbTO4YkOVjvRss0CItJmNkijD26MGTjMWRHnn0HlrJ6fwDtqjhi:1q8HcQ:TwTNAwuQMrORuR8krlVQ0FliIGY8EKvJ8M7L1STTwTo", "expire_date": "2023-06-25T09:44:18.354Z"}}, {"model": "sessions.session", "pk": "xu8ojyfjsbwlet2fdybdtbfy3f7nlb1q", "fields": {"session_data": ".eJxVjEEOwiAQRe_C2hAgMgMu3XsGMmUYqRqalHbVeHdt0oVu_3vvbyrRutS09jKnkdVFWXX63QbKz9J2wA9q90nnqS3zOOhd0Qft-jZxeV0P9--gUq_f2ruIUXwW57kARGsIAwOBcJBiQJCNoA0xQBDO7oxCWJBzIGbrWb0_6YI4lw:1q5Vo9:M71ouyuUIUAomnhMfRoJr53MyyW3Nq4OTk0-iEXfe7E", "expire_date": "2023-06-17T18:16:57.763Z"}}, {"model": "sessions.session", "pk": "zgg9mchxz3id7i2j42cch4yjvf57byh0", "fields": {"session_data": ".eJxVjEEOwiAQRe_C2pCBYQq4dO8ZyFAGWzVtUtqV8e7apAvd_vfef6nE2zqkrcmSxqLOyqjT75a5f8i0g3Ln6Tbrfp7WZcx6V_RBm77ORZ6Xw_07GLgN3zoixmqJCUoH4kQQnOdKJdbgO6zQFfJoY49ZIFgDLlQkBkuBPGWj3h_GhDa6:1q5s9u:VYhLQbiHzxM5z_4hFvHskzy30tQJuakEVpWUvqzW-fs", "expire_date": "2023-06-18T18:08:54.603Z"}}, {"model": "core.categories", "pk": 1, "fields": {"name": "Music", "slug": "music"}}, {"model": "core.categories", "pk": 2, "fields": {"name": "Geography", "slug": "geography"}}, {"model": "core.categories", "pk": 3, "fields": {"name": "Sports", "slug": "sports"}}, {"model": "core.categories", "pk": 4, "fields": {"name": "Science", "slug": "science"}}, {"model": "category.quiz", "pk": 1, "fields": {"quiz_name": "20 questions about recent music events", "desc": "If you're looking for questions that cover everything music related then look no further as we've compiled a list of questions covering the best tunes, bands and singers over several decades.", "category": 1, "url": "20-question-about-recent-music-news", "img": "images/coffee-bean.png"}}, {"model": "category.quiz", "pk": 2, "fields": {"quiz_name": "90s Music Quiz", "desc": "We are obsessed with 1990s music.To test your knowledge on your next lockdown Zoom call with family, friends, oror colleagues, why not bring out this 90s music trivia quiz .", "category": 1, "url": "90s-music-quiz", "img": "images/mike-flamenco-hjBiX9QAZLE-unsplash.jpg"}}, {"model": "category.question", "pk": 1, "fields": {"quiz": 1, "content": "Which English Sir has had No. l’s in the 50’s, 60’s, 70’s, 80’s and 90’s?"}}, {"model": "category.question", "pk": 2, "fields": {"quiz": 1, "content": "Which rock band was founded by Trent Reznor in 1988?"}}, {"model": "category.question", "pk": 3, "fields": {"quiz": 1, "content": "What is the name of the duet recorded by Robbie Williams and Gary Barlow in 2010?"}}, {"model": "category.question", "pk": 4, "fields": {"quiz": 1, "content": "Jimmy, Robert, John and John: can you identify this rock band from the first names of their original line-up?"}}, {"model": "category.question", "pk": 5, "fields": {"quiz": 1, "content": "In what year did The Clash release their iconic album London Calling?"}}, {"model": "category.question", "pk": 6, "fields": {"quiz": 1, "content": "How many members were there in pop group Little Mix before they went on hiatus? (Bonus point for each member you can name)."}}, {"model": "category.question", "pk": 7, "fields": {"quiz": 1, "content": "Which singer-songwriter had studio albums titled Hejira, Ladies of the Canyon and Blue?"}}, {"model": "category.question", "pk": 8, "fields": {"quiz": 1, "content": "Including streaming figures, what was the best-selling UK single of the 2010s?"}}, {"model": "category.question", "pk": 9, "fields": {"quiz": 1, "content": "In what year did Elvis Presley die?"}}, {"model": "category.question", "pk": 10, "fields": {"quiz": 1, "content": "How many UK number ones did The Beatles have in total?"}}, {"model": "category.question", "pk": 11, "fields": {"quiz": 1, "content": "Reginald Kenneth Dwight is better known by what name?"}}, {"model": "category.question", "pk": 12, "fields": {"quiz": 1, "content": "Rihanna hit Umbrella was originally written with which other popstar in mind?"}}, {"model": "category.question", "pk": 13, "fields": {"quiz": 1, "content": "Which band had a huge international hit album in 2002 with the record \"A Rush of Blood to the Head\"?"}}, {"model": "category.question", "pk": 14, "fields": {"quiz": 1, "content": "Knights in White Satin was a 1967 hit for which band?"}}, {"model": "category.question", "pk": 15, "fields": {"quiz": 1, "content": "Which legendary musician had film roles in The Prestige and Twin Peaks: Fire Walk With Me?"}}, {"model": "category.question", "pk": 16, "fields": {"quiz": 1, "content": "Girls Aloud were formed on Popstars: The Rivals in 2002 – but can you name the boy band that was formed at the same time?"}}, {"model": "category.question", "pk": 17, "fields": {"quiz": 1, "content": "How many members are there in South Korean mega boyband BTS?"}}, {"model": "category.question", "pk": 18, "fields": {"quiz": 1, "content": "Which talent show judge managed Westlife?"}}, {"model": "category.question", "pk": 19, "fields": {"quiz": 1, "content": "Taylor Swift released two studio albums in 2020: one was titled Folklore, but what was the name of the other one?"}}, {"model": "category.question", "pk": 20, "fields": {"quiz": 1, "content": "Roger Taylor is the drummer in which band?"}}, {"model": "category.scores", "pk": 38, "fields": {"user_id": 5, "quiz_id": 1, "points": 35, "correct": 7, "wrong": 13, "quizdate": "2023-07-06T08:51:58.631Z", "passed": false}}, {"model": "category.answer", "pk": 1, "fields": {"question": 1, "content": "Sir Cliff Richard", "correct": true}}, {"model": "category.answer", "pk": 2, "fields": {"question": 1, "content": "Sir Bob Jeff", "correct": false}}, {"model": "category.answer", "pk": 3, "fields": {"question": 1, "content": "Sir Kelly Marlin", "correct": false}}, {"model": "category.answer", "pk": 4, "fields": {"question": 1, "content": "Sir Tim Brimsley", "correct": false}}, {"model": "category.answer", "pk": 5, "fields": {"question": 2, "content": "Nine Inch Nails", "correct": true}}, {"model": "category.answer", "pk": 6, "fields": {"question": 2, "content": "Fife Inch Nails", "correct": false}}, {"model": "category.answer", "pk": 7, "fields": {"question": 2, "content": "Seven Inch Nails", "correct": false}}, {"model": "category.answer", "pk": 9, "fields": {"question": 2, "content": "Eleven Inch Nails", "correct": false}}, {"model": "category.answer", "pk": 10, "fields": {"question": 3, "content": "Shame", "correct": true}}, {"model": "category.answer", "pk": 11, "fields": {"question": 3, "content": "Beach", "correct": false}}, {"model": "category.answer", "pk": 12, "fields": {"question": 3, "content": "Cruel", "correct": false}}, {"model": "category.answer", "pk": 13, "fields": {"question": 3, "content": "Spicy", "correct": false}}, {"model": "category.answer", "pk": 14, "fields": {"question": 4, "content": "Led Zeppelin", "correct": true}}, {"model": "category.answer", "pk": 15, "fields": {"question": 4, "content": "Queen", "correct": false}}, {"model": "category.answer", "pk": 16, "fields": {"question": 4, "content": "Queens of the Stone Age", "correct": false}}, {"model": "category.answer", "pk": 17, "fields": {"question": 4, "content": "Foo Fighters", "correct": false}}, {"model": "category.answer", "pk": 18, "fields": {"question": 5, "content": "1979", "correct": true}}, {"model": "category.answer", "pk": 19, "fields": {"question": 5, "content": "1980", "correct": false}}, {"model": "category.answer", "pk": 20, "fields": {"question": 5, "content": "1985", "correct": false}}, {"model": "category.answer", "pk": 21, "fields": {"question": 5, "content": "1977", "correct": false}}, {"model": "category.answer", "pk": 22, "fields": {"question": 6, "content": "3", "correct": true}}, {"model": "category.answer", "pk": 23, "fields": {"question": 6, "content": "5", "correct": false}}, {"model": "category.answer", "pk": 24, "fields": {"question": 6, "content": "2", "correct": false}}, {"model": "category.answer", "pk": 25, "fields": {"question": 6, "content": "8", "correct": false}}, {"model": "category.answer", "pk": 26, "fields": {"question": 7, "content": "Joni Mitchell", "correct": true}}, {"model": "category.answer", "pk": 27, "fields": {"question": 7, "content": "Kit Macery", "correct": false}}, {"model": "category.answer", "pk": 28, "fields": {"question": 7, "content": "Joe Genny", "correct": false}}, {"model": "category.answer", "pk": 29, "fields": {"question": 7, "content": "Billy Boeh", "correct": false}}, {"model": "category.answer", "pk": 30, "fields": {"question": 8, "content": "The Shape of You by Ed Sheeran", "correct": true}}, {"model": "category.answer", "pk": 31, "fields": {"question": 8, "content": "Human by Rag'n'Bone Man", "correct": false}}, {"model": "category.answer", "pk": 32, "fields": {"question": 8, "content": "Get Lucky by Daft Punk", "correct": false}}, {"model": "category.answer", "pk": 33, "fields": {"question": 8, "content": "Every Teardrop Is a Waterfall by Coldplay", "correct": false}}, {"model": "category.answer", "pk": 34, "fields": {"question": 9, "content": "1977", "correct": true}}, {"model": "category.answer", "pk": 35, "fields": {"question": 9, "content": "1980", "correct": false}}, {"model": "category.answer", "pk": 36, "fields": {"question": 9, "content": "1990", "correct": false}}, {"model": "category.answer", "pk": 37, "fields": {"question": 9, "content": "1978", "correct": false}}, {"model": "category.answer", "pk": 38, "fields": {"question": 10, "content": "17", "correct": true}}, {"model": "category.answer", "pk": 39, "fields": {"question": 10, "content": "15", "correct": false}}, {"model": "category.answer", "pk": 40, "fields": {"question": 10, "content": "24", "correct": false}}, {"model": "category.answer", "pk": 41, "fields": {"question": 10, "content": "19", "correct": false}}, {"model": "category.answer", "pk": 42, "fields": {"question": 11, "content": "Elton John", "correct": true}}, {"model": "category.answer", "pk": 43, "fields": {"question": 11, "content": "Elvis Presley", "correct": false}}, {"model": "category.answer", "pk": 44, "fields": {"question": 11, "content": "Booa Man", "correct": false}}, {"model": "category.answer", "pk": 45, "fields": {"question": 11, "content": "Ed Sheeran", "correct": false}}, {"model": "category.answer", "pk": 46, "fields": {"question": 12, "content": "Britney Spears", "correct": true}}, {"model": "category.answer", "pk": 47, "fields": {"question": 12, "content": "Taylor Swift", "correct": false}}, {"model": "category.answer", "pk": 48, "fields": {"question": 12, "content": "Kanye West", "correct": false}}, {"model": "category.answer", "pk": 49, "fields": {"question": 12, "content": "Miley Cyrus", "correct": false}}, {"model": "category.answer", "pk": 50, "fields": {"question": 13, "content": "Coldplay", "correct": true}}, {"model": "category.answer", "pk": 51, "fields": {"question": 13, "content": "Foo Fighters", "correct": false}}, {"model": "category.answer", "pk": 52, "fields": {"question": 13, "content": "Green Day", "correct": false}}, {"model": "category.answer", "pk": 53, "fields": {"question": 13, "content": "My Chemical Romance", "correct": false}}, {"model": "category.answer", "pk": 54, "fields": {"question": 14, "content": "The Moody Blues", "correct": true}}, {"model": "category.answer", "pk": 55, "fields": {"question": 14, "content": "The Moody Jazz", "correct": false}}, {"model": "category.answer", "pk": 56, "fields": {"question": 14, "content": "The Stones", "correct": false}}, {"model": "category.answer", "pk": 57, "fields": {"question": 14, "content": "The Waves", "correct": false}}, {"model": "category.answer", "pk": 58, "fields": {"question": 15, "content": "David Bowie", "correct": true}}, {"model": "category.answer", "pk": 59, "fields": {"question": 15, "content": "John Lennon", "correct": false}}, {"model": "category.answer", "pk": 60, "fields": {"question": 15, "content": "Bob Dylan", "correct": false}}, {"model": "category.answer", "pk": 61, "fields": {"question": 15, "content": "Stevie Wonder", "correct": false}}, {"model": "category.answer", "pk": 62, "fields": {"question": 16, "content": "One True Voice", "correct": true}}, {"model": "category.answer", "pk": 63, "fields": {"question": 16, "content": "One True Song", "correct": false}}, {"model": "category.answer", "pk": 64, "fields": {"question": 16, "content": "The Guy", "correct": false}}, {"model": "category.answer", "pk": 65, "fields": {"question": 16, "content": "Sneakers", "correct": false}}, {"model": "category.answer", "pk": 66, "fields": {"question": 17, "content": "5", "correct": false}}, {"model": "category.answer", "pk": 67, "fields": {"question": 17, "content": "7", "correct": true}}, {"model": "category.answer", "pk": 68, "fields": {"question": 17, "content": "10", "correct": false}}, {"model": "category.answer", "pk": 69, "fields": {"question": 17, "content": "8", "correct": false}}, {"model": "category.answer", "pk": 70, "fields": {"question": 18, "content": "Louis Walsh", "correct": true}}, {"model": "category.answer", "pk": 71, "fields": {"question": 18, "content": "Dave Marsh", "correct": false}}, {"model": "category.answer", "pk": 72, "fields": {"question": 18, "content": "Greil Marcus", "correct": false}}, {"model": "category.answer", "pk": 73, "fields": {"question": 18, "content": "Jon Landau", "correct": false}}, {"model": "category.answer", "pk": 74, "fields": {"question": 19, "content": "Evermore", "correct": true}}, {"model": "category.answer", "pk": 75, "fields": {"question": 19, "content": "Last Summer", "correct": false}}, {"model": "category.answer", "pk": 76, "fields": {"question": 19, "content": "Lover", "correct": false}}, {"model": "category.answer", "pk": 77, "fields": {"question": 19, "content": "Red", "correct": false}}, {"model": "category.answer", "pk": 78, "fields": {"question": 20, "content": "Queen", "correct": true}}, {"model": "category.answer", "pk": 79, "fields": {"question": 20, "content": "The Beatles", "correct": false}}, {"model": "category.answer", "pk": 80, "fields": {"question": 20, "content": "Evergreen", "correct": false}}, {"model": "category.answer", "pk": 81, "fields": {"question": 20, "content": "Led Zeppelin", "correct": false}}]